{
    "TomaszKolek": 2,
    "zbenjamin": 91,
    "robot-dreams": 5,
    "lfaraone": 22,
    "jhurwitz": 4,
    "roed314": 2,
    "florean": 2,
    "sharmaeklavya2": 16,
    "acrefoot": 4,
    "sampritipanda": 2,
    "rishig": 3,
    "tukruic": 5,
    "Bickio": 1,
    "rwbarton": 4,
    "Juanvulcano": 1,
    "dariaphoebe": 1,
    "lonerz": 3,
    "HydraulicSheep": 3,
    "starrvinc": 1,
    "jajodiaraghav": 1,
    "abhayKashyap03": 1,
    "ImperialLlama": 1,
    "540KJ": 6,
    "showell": 13,
    "umkhan": 2,
    "anirudhjain75": 1,
    "theairportexplorer": 3,
    "lfranchi": 17,
    "abhijeetkaur": 33,
    "andersk": 3,
    "wdaher": 16,
    "andrewallen00": 2,
    "jordangedney": 2,
    "adnrs96": 20,
    "ashishk1994": 1,
    "maydhak": 1,
    "enhdless": 1,
    "neiljp": 14,
    "reyha": 2,
    "tommyip": 9,
    "vabs22": 5,
    "eeshangarg": 6,
    "taranjeet": 1,
    "roryk": 2,
    "bungeye": 1,
    "armooo": 4,
    "fazerlicourice7": 5,
    "jonjonsonjr": 1,
    "joyhchen": 2,
    "paxapy": 1,
    "royabouhamad": 2,
    "shane-kearns": 4,
    "zacps": 1,
    "AZtheAsian": 6,
    "ParthMahawar": 1,
    "timabbott": 500,
    "YagoGG": 5,
    "sahildua2305": 1,
    "bmorg": 1,
    "sinwar": 2,
    "soudy": 1,
    "aero31aero": 8,
    "umairwaheed": 1,
    "roberthoenig": 39,
    "refeed": 9,
    "dwrpayne": 1
}
